dataset,n_neighbors,p,weights,test_roc_auc,star_test_roc_auc,default_test_roc_auc
alzheimer,30,1,distance,0.7535390199637023,0.7375529340592861,0.6769131881427708
cancer,30,2,distance,0.7803563807084934,0.7725596000243887,0.7351952624839949
diabetes,27,1,uniform,0.8125373134328358,0.800597014925373,0.7127761194029851
heart,10,2,distance,0.686629688530313,0.6741398704472286,0.6698537682789651
STAR,24,1,distance,,0.7462123548640691,
